epoch,class10_loss,class10_mean_absolute_error,class10_mean_squared_error,class11_loss,class11_mean_absolute_error,class11_mean_squared_error,class1_loss,class1_mean_absolute_error,class1_mean_squared_error,class2_loss,class2_mean_absolute_error,class2_mean_squared_error,class4_loss,class4_mean_absolute_error,class4_mean_squared_error,class5_loss,class5_mean_absolute_error,class5_mean_squared_error,class6_loss,class6_mean_absolute_error,class6_mean_squared_error,class7_loss,class7_mean_absolute_error,class7_mean_squared_error,class8_loss,class8_mean_absolute_error,class8_mean_squared_error,class9_loss,class9_mean_absolute_error,class9_mean_squared_error,loss,lr,val_class10_loss,val_class10_mean_absolute_error,val_class10_mean_squared_error,val_class11_loss,val_class11_mean_absolute_error,val_class11_mean_squared_error,val_class1_loss,val_class1_mean_absolute_error,val_class1_mean_squared_error,val_class2_loss,val_class2_mean_absolute_error,val_class2_mean_squared_error,val_class4_loss,val_class4_mean_absolute_error,val_class4_mean_squared_error,val_class5_loss,val_class5_mean_absolute_error,val_class5_mean_squared_error,val_class6_loss,val_class6_mean_absolute_error,val_class6_mean_squared_error,val_class7_loss,val_class7_mean_absolute_error,val_class7_mean_squared_error,val_class8_loss,val_class8_mean_absolute_error,val_class8_mean_squared_error,val_class9_loss,val_class9_mean_absolute_error,val_class9_mean_squared_error,val_loss
0,0.04553156413370743,0.1302597210109234,0.04553156413370743,0.0367561047449708,0.10180335560441017,0.0367561047449708,0.09958570042811334,0.2170785259604454,0.09958570042811334,0.1100408739298582,0.2356958152204752,0.1100408739298582,0.09213744038809091,0.21728788896650075,0.09213744038809091,0.05113682046812028,0.1413430266007781,0.05113682046812028,0.10606060828082263,0.23376244728267193,0.10606060828082263,0.06887520340830088,0.17998396980762482,0.06887520340830088,0.03286987966345623,0.09344714388623834,0.03286987966345623,0.06125807972997427,0.15168458596616982,0.06125807972997427,0.7042522749751806,0.001,0.021564912535250187,0.10358773178607225,0.021564912535250187,0.014692711612209678,0.0672630645185709,0.014692711612209678,0.07152810468524694,0.18707886198163032,0.07152810468524694,0.08205745484679937,0.21233290708065033,0.08205745484679937,0.07799870836362242,0.21524320729076862,0.07799870836362242,0.028727236283943056,0.11967923006415367,0.028727236283943056,0.07310379193816334,0.20855646418035031,0.07310379193816334,0.037615933323279026,0.14311043086647987,0.037615933323279026,0.010481693123932928,0.07290099458396435,0.010481693123932928,0.030782922342419625,0.11012124606221914,0.030782922342419625,0.448553470402956
1,0.018909165756544097,0.09640567799657583,0.018909165756544097,0.012015938500873744,0.06567933144792915,0.012015938500873744,0.051988140997476874,0.16578677798435093,0.051988140997476874,0.06737506084889174,0.19763942915946245,0.06737506084889174,0.05813351108506322,0.18707515960931778,0.05813351108506322,0.022216044092550874,0.10781762237846851,0.022216044092550874,0.06039049856737256,0.18927478770166636,0.06039049856737256,0.04056208330672234,0.1499486704915762,0.04056208330672234,0.008491224229568616,0.05808560873195529,0.008491224229568616,0.02904563046246767,0.10953847316280008,0.02904563046246767,0.3691272980123758,0.001,0.017497900262475014,0.08926008055359125,0.017497900262475014,0.01057509103184566,0.05224496601894498,0.01057509103184566,0.08859220428206027,0.20918466006219388,0.08859220428206027,0.07825077005848288,0.20745751942694188,0.07825077005848288,0.05924833013117314,0.18230194647610187,0.05924833013117314,0.022252541113644837,0.10715484355390072,0.022252541113644837,0.052644699083641174,0.17008895118534564,0.052644699083641174,0.050399535305798056,0.16419398292899132,0.050399535305798056,0.006219795758137479,0.04506448539718986,0.006219795758137479,0.0499400586578995,0.1349406089708209,0.0499400586578995,0.4356209266781807
2,0.01859979357942939,0.09487496683746577,0.01859979357942939,0.01194912914559245,0.06260353657603264,0.01194912914559245,0.04901816715672612,0.15821923020109535,0.04901816715672612,0.061217664344236256,0.1866246259137988,0.061217664344236256,0.057693120459094645,0.18505315178632736,0.057693120459094645,0.02106155558861792,0.10381236696988344,0.02106155558861792,0.05636849880684167,0.1826331365481019,0.05636849880684167,0.03703862888738513,0.1410211609005928,0.03703862888738513,0.007353299559326842,0.052840468768030405,0.007353299559326842,0.02722426547575742,0.1038489282131195,0.02722426547575742,0.34752412194013593,0.001,0.0168208448109217,0.08583919179439545,0.0168208448109217,0.01171876268228516,0.06153511740267277,0.01171876268228516,0.16210869508981704,0.28832767844200136,0.16210869508981704,0.1351048593148589,0.3110705093443394,0.1351048593148589,0.0704686238039285,0.20258400291204454,0.0704686238039285,0.026123121706768872,0.12096159596741199,0.026123121706768872,0.056634353807196024,0.1748596647232771,0.056634353807196024,0.08595371178910136,0.21801595714688302,0.08595371178910136,0.005884245316847228,0.04048974251374602,0.005884245316847228,0.07279497585445642,0.15654518991708755,0.07279497585445642,0.6436121926605701
3,0.01790086040319875,0.09308110083639622,0.01790086040319875,0.011347274800296873,0.05930717068910599,0.011347274800296873,0.04430684826849028,0.1494316815622151,0.04430684826849028,0.05460887331329286,0.17618570399284364,0.05460887331329286,0.053870454201474786,0.17945202934741974,0.053870454201474786,0.02034562098653987,0.1010579400844872,0.02034562098653987,0.052039742820896205,0.17464071708917617,0.052039742820896205,0.03512215897953138,0.13608409650623798,0.03512215897953138,0.006914268565131352,0.05004791113547981,0.006914268565131352,0.025165712191257624,0.09878071543574334,0.025165712191257624,0.32162181530892847,0.001,0.01720714611466974,0.09783303817361594,0.01720714611466974,0.010680414906237274,0.05857976929470897,0.010680414906237274,0.09040942736715078,0.20845280846953393,0.09040942736715078,0.109025651242584,0.24713482639193535,0.109025651242584,0.06608896624669433,0.20137413418293,0.06608896624669433,0.02060163261555135,0.10053571724891662,0.02060163261555135,0.08282798144593835,0.2273498838096857,0.08282798144593835,0.058339031755924226,0.1707809663116932,0.058339031755924226,0.007435750344768167,0.05425717377662659,0.007435750344768167,0.0530255614798516,0.14602748031914234,0.0530255614798516,0.5156415631473065
4,0.01646612213551998,0.08807835503295064,0.01646612213551998,0.01046625865122769,0.05690073342062533,0.01046625865122769,0.04341594379907474,0.1485339094661176,0.04341594379907474,0.05348182656802237,0.17472423551231622,0.05348182656802237,0.05156012183707207,0.1744578175842762,0.05156012183707207,0.01946613531000912,0.09899998110532761,0.01946613531000912,0.05171988451806828,0.17406632924452425,0.05171988451806828,0.03533999366872013,0.1371192514374852,0.03533999366872013,0.006813128104317002,0.05025462066568434,0.006813128104317002,0.024780251301359385,0.10003868680074811,0.024780251301359385,0.3135096648186445,0.001,0.021836251273285597,0.09806291022151709,0.021836251273285597,0.02077833133097738,0.07881658349186182,0.02077833133097738,0.30169007589668034,0.3882186825275421,0.30169007589668034,0.16729641521722077,0.296595217525959,0.16729641521722077,0.11315255513135344,0.2529734453782439,0.11315255513135344,0.053224435133859514,0.14266831946372985,0.053224435133859514,0.05970980536937714,0.18917558991909028,0.05970980536937714,0.11468310185149312,0.2284247431308031,0.11468310185149312,0.009687893762253225,0.06418170914053917,0.009687893762253225,0.13923636330291628,0.21282197305560113,0.13923636330291628,1.0012952279150487
5,0.016789950285805388,0.08980553150177002,0.016789950285805388,0.01058170267357491,0.057091086827218536,0.01058170267357491,0.04246547889243811,0.14581289353966714,0.04246547889243811,0.05339094612747431,0.17306521084159612,0.05339094612747431,0.05251797011587769,0.17709216593950988,0.05251797011587769,0.01985566335590556,0.09985551733151078,0.01985566335590556,0.05115536371874623,0.17291784509271382,0.05115536371874623,0.03342300551384687,0.1329437005892396,0.03342300551384687,0.006896854653954506,0.04935765796527267,0.006896854653954506,0.02321218912350014,0.09550072595104575,0.02321218912350014,0.31028912401199343,0.001,0.01870436363015324,0.0995962745025754,0.01870436363015324,0.013786116816569119,0.07374610475450755,0.013786116816569119,0.06135280733928084,0.1859040442109108,0.06135280733928084,0.09444547675177455,0.24182612946629525,0.09444547675177455,0.0656438784264028,0.21634603568911553,0.0656438784264028,0.025427550503984094,0.11845097829401494,0.025427550503984094,0.0649379450418055,0.21784878653287887,0.0649379450418055,0.054459691107273105,0.19929729062318802,0.054459691107273105,0.00954213945986703,0.06971507915109396,0.00954213945986703,0.04357943775691092,0.1413370203971863,0.04357943775691092,0.4518794067800045
6,0.01599300625291653,0.08729265599697829,0.01599300625291653,0.010118285458767787,0.05547173900343478,0.010118285458767787,0.03676525995088741,0.13556212640181184,0.03676525995088741,0.04827762441895902,0.16459345034509898,0.04827762441895902,0.049627984774298965,0.17214304453879595,0.049627984774298965,0.018285060321446507,0.09599855368211865,0.018285060321446507,0.0477279719565995,0.16738697902858257,0.0477279719565995,0.03122525192052126,0.1272094598636031,0.03122525192052126,0.006413101526792161,0.04796054879017174,0.006413101526792161,0.020544151403941214,0.08910786243900656,0.020544151403941214,0.284977699033916,0.001,0.013834722972242162,0.0696136229597032,0.013834722972242162,0.009640167648671195,0.04959126327559352,0.009640167648671195,0.04131190920993686,0.14050272395461796,0.04131190920993686,0.12894959123432637,0.30149982088804245,0.12894959123432637,0.06175149289146066,0.1795256171375513,0.06175149289146066,0.03158447903394699,0.12449991719424724,0.03158447903394699,0.10596574429795146,0.26179051522910596,0.10596574429795146,0.04963956736214459,0.16403485548496247,0.04963956736214459,0.007826070302166045,0.053411059059202674,0.007826070302166045,0.02439433800522238,0.110113077044487,0.02439433800522238,0.4748980840742588
7,0.014354952591704205,0.08145005875453352,0.014354952591704205,0.009163423949619755,0.05094218246825039,0.009163423949619755,0.03221659551165067,0.1254846898019314,0.03221659551165067,0.04080127962864935,0.1493539640009403,0.04080127962864935,0.04478715738654137,0.16364184645563365,0.04478715738654137,0.01657659617625177,0.0903059810474515,0.01657659617625177,0.04298837340530008,0.1585814063847065,0.04298837340530008,0.027865512990858404,0.11850210256874562,0.027865512990858404,0.00585583121702075,0.04407076729089022,0.00585583121702075,0.01805524181970395,0.08231934555992484,0.01805524181970395,0.25266496547311545,0.0005,0.013308813503244891,0.07241584950312972,0.013308813503244891,0.00898327678826172,0.04446172327920794,0.00898327678826172,0.03366264713834971,0.12396770981699229,0.03366264713834971,0.043741852773353455,0.15006487518548967,0.043741852773353455,0.045655750738456846,0.15867219404876232,0.045655750738456846,0.0159516241280362,0.08142952024191617,0.0159516241280362,0.07540933659486472,0.15151975191384554,0.07540933659486472,0.02982676527183503,0.11936082154512405,0.02982676527183503,0.007517797726672143,0.0449371087513864,0.007517797726672143,0.017801811621990054,0.0756625392511487,0.017801811621990054,0.2918596760481596
8,0.01459971357951872,0.08223677694797515,0.01459971357951872,0.00919665150390938,0.05089498250558972,0.00919665150390938,0.030898970599286257,0.12224522713199258,0.030898970599286257,0.03776825288683176,0.14376893156766893,0.03776825288683176,0.04367192313121632,0.1616452329531312,0.04367192313121632,0.015764589061494916,0.08869955838099122,0.015764589061494916,0.04127531292079948,0.15430820025131106,0.04127531292079948,0.02691591276973486,0.11596445933356882,0.02691591276973486,0.005564092937507667,0.04300946193374693,0.005564092937507667,0.017447853976860644,0.08050521099194884,0.017447853976860644,0.24310327330976725,0.0005,0.022035936505533756,0.1266126189082861,0.022035936505533756,0.012709804371930658,0.07532497358322143,0.012709804371930658,0.09250752689689398,0.2102027185857296,0.09250752689689398,0.06828503297641873,0.1765233416259289,0.06828503297641873,0.06214858582243323,0.2090063003450632,0.06214858582243323,0.023137255653738975,0.11418299642205239,0.023137255653738975,0.1288867818918079,0.2847047301828861,0.1288867818918079,0.04239743793942034,0.12955487899482251,0.04239743793942034,0.011669502366334199,0.07212150061875582,0.011669502366334199,0.04580548218637705,0.12317984126508236,0.04580548218637705,0.5095833469927311
9,0.013594156081555411,0.07867876134440303,0.013594156081555411,0.008833059815457091,0.04951883122697472,0.008833059815457091,0.02940726472600363,0.11980998288094998,0.02940726472600363,0.03539615198317915,0.1385393054038286,0.03539615198317915,0.041522617074660956,0.1575233633965254,0.041522617074660956,0.01487934229709208,0.08616753406077624,0.01487934229709208,0.03957655841950327,0.1506501507051289,0.03957655841950327,0.02586274598306045,0.11271575779467821,0.02586274598306045,0.005515035867574625,0.04296414780989289,0.005515035867574625,0.01640616348874755,0.07771440431848169,0.01640616348874755,0.2309930961057544,0.0005,0.012921460113488138,0.08558092711865901,0.012921460113488138,0.008151235794648527,0.051218685928732154,0.008151235794648527,0.049200916591100395,0.1477602652683854,0.049200916591100395,0.040027442483231424,0.1466526091992855,0.040027442483231424,0.04847351701743901,0.17820689129829406,0.04847351701743901,0.015570155738387256,0.09394919762760401,0.015570155738387256,0.0586053882651031,0.16874843592196703,0.0586053882651031,0.03446660844422877,0.12186973670125008,0.03446660844422877,0.00636605453141965,0.045410443045198916,0.00636605453141965,0.02547690138593316,0.08830954705178738,0.02547690138593316,0.2992596797645092
10,0.013398151184432208,0.07773907516151667,0.013398151184432208,0.008846821408485995,0.04826668917387724,0.008846821408485995,0.028318133709020914,0.11604111452773214,0.028318133709020914,0.03379541545873508,0.1346128698438406,0.03379541545873508,0.04064694818109274,0.1553618363440037,0.04064694818109274,0.01420250281249173,0.08353486570715904,0.01420250281249173,0.04038477016380057,0.15144864327833057,0.04038477016380057,0.023837090264540166,0.10717619958147406,0.023837090264540166,0.005467029535910115,0.04189697760902345,0.005467029535910115,0.015868083421955816,0.07519622660055757,0.015868083421955816,0.22476494590193033,0.0005,0.015077890564221888,0.07115442564338445,0.015077890564221888,0.009326015800703316,0.044122398652136324,0.009326015800703316,0.051449892232194545,0.15800209693610667,0.051449892232194545,0.04578368035051972,0.145436264552176,0.04578368035051972,0.05156600992474705,0.1577253439426422,0.05156600992474705,0.01704799212422222,0.08524467057734728,0.01704799212422222,0.09003132915869355,0.18021604973077773,0.09003132915869355,0.02970963448472321,0.12348909018933774,0.02970963448472321,0.008770708807045594,0.04941231476143002,0.008770708807045594,0.026130560833960773,0.09588318877667189,0.026130560833960773,0.34489371497929094
11,0.013389364224625751,0.07784719610586763,0.013389364224625751,0.008405922389472836,0.04788096478581429,0.008405922389472836,0.02743091785139404,0.11475609939917922,0.02743091785139404,0.033197359209880234,0.1331673058718443,0.033197359209880234,0.03988532359385863,0.15482686262205242,0.03988532359385863,0.013970910395029932,0.08301082837581635,0.013970910395029932,0.03763695654086768,0.14769050163030625,0.03763695654086768,0.02322816843679175,0.10440796054899693,0.02322816843679175,0.0053536094758892434,0.04145597050711512,0.0053536094758892434,0.015347867227508687,0.07418893042579293,0.015347867227508687,0.21784639942646028,0.0005,0.01195260770781897,0.07313691939413547,0.01195260770781897,0.007960999965667724,0.045478121783584353,0.007960999965667724,0.024211028184741735,0.10708746963739395,0.024211028184741735,0.02831504437699914,0.12062454382330179,0.02831504437699914,0.03757312988676131,0.14978169302642347,0.03757312988676131,0.011986110360827296,0.07422374881058931,0.011986110360827296,0.059820330843795094,0.1549894173890352,0.059820330843795094,0.021738051114603876,0.10194796639680863,0.021738051114603876,0.006356104687321931,0.04101585086062551,0.006356104687321931,0.013382614001631737,0.06910962590575218,0.013382614001631737,0.22329602114856242
12,0.012806192283751443,0.07579282719269395,0.012806192283751443,0.008433576140203514,0.047566390220075846,0.008433576140203514,0.025998590343631806,0.11166694018989802,0.025998590343631806,0.03284736170223914,0.13298480150476097,0.03284736170223914,0.03908287189155817,0.15302421409636735,0.03908287189155817,0.013714345700806006,0.0826298997849226,0.013714345700806006,0.03671517233224585,0.14454281407222153,0.03671517233224585,0.022451897298451512,0.10334756096452474,0.022451897298451512,0.0052929753849748525,0.041441742546856404,0.0052929753849748525,0.01471532756416127,0.07275459614768624,0.01471532756416127,0.2120583103746176,0.0005,0.011663996691349893,0.0722662813141942,0.011663996691349893,0.007489100763807073,0.04292214057594538,0.007489100763807073,0.02830408902838826,0.11782716672867537,0.02830408902838826,0.028692343214526773,0.12793680693209172,0.028692343214526773,0.03629250705428422,0.14519180308282376,0.03629250705428422,0.014332774518523366,0.08446312868595124,0.014332774518523366,0.04030300853261724,0.1351379282027483,0.04030300853261724,0.023681653304956852,0.1027937724813819,0.023681653304956852,0.005091499354224652,0.03923856478184461,0.005091499354224652,0.015161766835488378,0.0735487604662776,0.015161766835488378,0.21101273922622205
13,0.01248980799689889,0.07433036442473531,0.01248980799689889,0.008031351811252535,0.04575256806239486,0.008031351811252535,0.02592684528673999,0.1117033944055438,0.02592684528673999,0.03134454598929733,0.13011533883213997,0.03134454598929733,0.03727822710666805,0.14831936878710986,0.03727822710666805,0.013077786501031368,0.08029536614194513,0.013077786501031368,0.03668896602792665,0.1449473709538579,0.03668896602792665,0.021945732834748925,0.10150747231394053,0.021945732834748925,0.005255630338622723,0.0415845496095717,0.005255630338622723,0.014579646955477074,0.07257561248540878,0.014579646955477074,0.20661854119598866,0.0005,0.011550866731908173,0.07605853904038667,0.011550866731908173,0.007660175863420591,0.050380736723542215,0.007660175863420591,0.02696647585555911,0.11242913926392793,0.02696647585555911,0.03063763284124434,0.12128094508498907,0.03063763284124434,0.03807215827889741,0.15815636624395848,0.03807215827889741,0.012275984547100962,0.08021035286039115,0.012275984547100962,0.041281518755480646,0.15263221268355848,0.041281518755480646,0.019437324767000972,0.09073690964281558,0.019437324767000972,0.005025788859929889,0.04100329937040806,0.005025788859929889,0.014821627312805504,0.07213408996909856,0.014821627312805504,0.20772955378890037
14,0.012411505775526166,0.07511381967365742,0.012411505775526166,0.008240854305913672,0.046652444075793026,0.008240854305913672,0.02539781496534124,0.11039151607081293,0.02539781496534124,0.030336778269615023,0.12729326462373136,0.030336778269615023,0.03747093805391342,0.14963552735000848,0.03747093805391342,0.013157361833844333,0.08079916241765023,0.013157361833844333,0.03627077742572874,0.1436419470049441,0.03627077742572874,0.022043206902220846,0.10167728477343917,0.022043206902220846,0.005214866845111828,0.040972777638584375,0.005214866845111828,0.014292813868029042,0.07132570230960845,0.014292813868029042,0.20483691869676113,0.0005,0.03551812320575118,0.15365735755860804,0.03551812320575118,0.01995770159177482,0.09010904007405042,0.01995770159177482,0.11997842225525528,0.234609585121274,0.11997842225525528,0.09187875188514591,0.2221236639469862,0.09187875188514591,0.11082378953322768,0.26638498401641847,0.11082378953322768,0.030782996067777277,0.12580220873653888,0.030782996067777277,0.5568595107197761,0.5902713048458099,0.5568595107197761,0.0600046201236546,0.1609710949510336,0.0600046201236546,0.025796639590524136,0.09744080862402917,0.025796639590524136,0.07442500122077764,0.16304334791004657,0.07442500122077764,1.126025556743145
15,0.013226699322927743,0.07696059866994619,0.013226699322927743,0.008496715419460088,0.0477089371252805,0.008496715419460088,0.024673311072867365,0.10845821037515999,0.024673311072867365,0.02941820460744202,0.12495384730398655,0.02941820460744202,0.03755061859358102,0.1500725179463625,0.03755061859358102,0.013240467181662097,0.08080326694622636,0.013240467181662097,0.03722872064821422,0.14488306176289917,0.03722872064821422,0.02110547657031566,0.09928391149267554,0.02110547657031566,0.005363575007533655,0.040944300742819906,0.005363575007533655,0.013832151316106319,0.06986465085670351,0.013832151316106319,0.20413593988865614,0.0005,0.012865392313688061,0.07227374590188265,0.012865392313688061,0.008217745760688558,0.04178661121055484,0.008217745760688558,0.029777906988747417,0.11329772097617388,0.029777906988747417,0.07478067000769079,0.21245604018867015,0.07478067000769079,0.042570280744694176,0.14845999717712402,0.042570280744694176,0.0146282526277937,0.0816396413370967,0.0146282526277937,0.07106564824748784,0.14977229167521,0.07106564824748784,0.03296146934572607,0.12565281666070222,0.03296146934572607,0.00747752345376648,0.042096616826951504,0.00747752345376648,0.019267779423389583,0.08883407401293517,0.019267779423389583,0.31361266796290876
16,0.0123778529856354,0.07397033483907581,0.0123778529856354,0.007960402181372046,0.04567068689316511,0.007960402181372046,0.023775493381544947,0.1060928795710206,0.023775493381544947,0.028497734487522394,0.12284092185273766,0.028497734487522394,0.03589280365174636,0.14624353433400392,0.03589280365174636,0.012667753520887346,0.07865645883232356,0.012667753520887346,0.03465147989033721,0.13973822570592165,0.03465147989033721,0.020714146035257727,0.09804062809795142,0.020714146035257727,0.005099835284752771,0.040167747773230074,0.005099835284752771,0.013298459333484062,0.06821355311572552,0.013298459333484062,0.19493596055358647,0.0005,0.011510006776079535,0.06378727655857802,0.011510006776079535,0.007487711700319778,0.03724212335795164,0.007487711700319778,0.02575788601115346,0.11057263837009669,0.02575788601115346,0.0335196875128895,0.13019941429048776,0.0335196875128895,0.039756824909709394,0.14491455176472665,0.039756824909709394,0.012711414380464702,0.0775493968501687,0.012711414380464702,0.038314225952140984,0.14074585154652597,0.038314225952140984,0.016250830174889416,0.0855306640341878,0.016250830174889416,0.004836692154756747,0.037982065606862306,0.004836692154756747,0.014865518813952804,0.07381037487462162,0.014865518813952804,0.20501079737395048
17,0.012051710027037189,0.07267342229001224,0.012051710027037189,0.007673272811924107,0.04490076780691743,0.007673272811924107,0.023102001667022705,0.10494433338567614,0.023102001667022705,0.027015581232029944,0.11912431236356497,0.027015581232029944,0.03558829178614542,0.14482887931913138,0.03558829178614542,0.012551899676444008,0.07837287253513932,0.012551899676444008,0.03542703718901612,0.14102042043954133,0.03542703718901612,0.019490769799798725,0.09536266367509962,0.019490769799798725,0.005098319136421196,0.04040794339776039,0.005098319136421196,0.013066396016627551,0.06771652003377676,0.013066396016627551,0.19106528009474277,0.0005,0.011382128167897463,0.061969523917883636,0.011382128167897463,0.007446370072721038,0.038811448713764546,0.007446370072721038,0.02492324554361403,0.11272994382679462,0.02492324554361403,0.02802014660462737,0.11429641731828451,0.02802014660462737,0.033448237789794805,0.13236743869632484,0.033448237789794805,0.013453500299248845,0.07779232733696699,0.013453500299248845,0.03778910263348371,0.13506801176816224,0.03778910263348371,0.016289458947256207,0.09072277139872313,0.016289458947256207,0.005247107108472846,0.03753721373528242,0.005247107108472846,0.013808810984250158,0.06939862830564379,0.013808810984250158,0.191808108009398
18,0.011930810099234804,0.0733813964203,0.011930810099234804,0.007680313487304374,0.04575575312785804,0.007680313487304374,0.023048868988873438,0.10470915902405978,0.023048868988873438,0.027417531637009232,0.12050038270652294,0.027417531637009232,0.03505710895825177,0.1446325789280236,0.03505710895825177,0.012319180043647066,0.0777226937636733,0.012319180043647066,0.03348638411401771,0.13706258826330303,0.03348638411401771,0.018849107346963136,0.09346640862151981,0.018849107346963136,0.004945561689673923,0.0400012484639883,0.004945561689673923,0.01285326388129033,0.067110580265522,0.01285326388129033,0.1875881312340498,0.0005,0.012263587635941804,0.07257804229855537,0.012263587635941804,0.007938541631912812,0.0432233078032732,0.007938541631912812,0.02238588273571804,0.10069388514757156,0.02238588273571804,0.03908169602230191,0.14570668058097364,0.03908169602230191,0.03683785190060735,0.13973196510970592,0.03683785190060735,0.013124418755061925,0.07742671493440867,0.013124418755061925,0.03485466924472712,0.12909683993458748,0.03485466924472712,0.01924326949659735,0.0950802742689848,0.01924326949659735,0.004846929438062943,0.03914755110815167,0.004846929438062943,0.013613604554906487,0.07610672000050545,0.013613604554906487,0.20419045102596284
19,0.0127621665969491,0.07575814733654261,0.0127621665969491,0.008187052490888164,0.04674145673774183,0.008187052490888164,0.023082198681076988,0.10389873582497239,0.023082198681076988,0.0277414245295804,0.11989740778505802,0.0277414245295804,0.035745815962553024,0.14524299196153878,0.035745815962553024,0.01269184912648052,0.07879238478839397,0.01269184912648052,0.03378007331141271,0.1377885571271181,0.03378007331141271,0.018434491442749276,0.09247215658053756,0.018434491442749276,0.004969481956446543,0.04005376098118722,0.004969481956446543,0.01324612846574746,0.06827439542300999,0.01324612846574746,0.19064068268239498,0.0005,0.013774772949051111,0.07846014787256718,0.013774772949051111,0.009163023539702409,0.04954086931422353,0.009163023539702409,0.03506694847159088,0.13487940753251315,0.03506694847159088,0.03850655578728765,0.13537526611238718,0.03850655578728765,0.04324946815706789,0.15688230054080488,0.04324946815706789,0.01834607242513448,0.09973435924202204,0.01834607242513448,0.040392176473513244,0.14288959061354398,0.040392176473513244,0.028472558642271908,0.11546931130439043,0.028472558642271908,0.005579460742999799,0.04439363807067275,0.005579460742999799,0.018582661556545647,0.08173093167692423,0.018582661556545647,0.2511336985528469
20,0.012299817289458588,0.07469137369096279,0.012299817289458588,0.0079702249703696,0.04648763556033373,0.0079702249703696,0.022351385494926945,0.10278093850240111,0.022351385494926945,0.027080974089214577,0.1184876118786633,0.027080974089214577,0.0347455769656226,0.14442965392768384,0.0347455769656226,0.012570973828434945,0.0783520766235888,0.012570973828434945,0.03318822713359259,0.1364618473313749,0.03318822713359259,0.017695911514339968,0.09047831735759973,0.017695911514339968,0.005086332941427827,0.040398632772266865,0.005086332941427827,0.012562801226740703,0.06657450801879168,0.012562801226740703,0.1855522252395749,0.0005,0.012142288025235757,0.06377864474803209,0.012142288025235757,0.007830196706054266,0.03640864251367748,0.007830196706054266,0.025574914370663462,0.11060069125145673,0.025574914370663462,0.04203703016974032,0.14386575975269078,0.04203703016974032,0.03922158297151327,0.1382586989402771,0.03922158297151327,0.013396862518507987,0.07411587177962065,0.013396862518507987,0.029977696631103754,0.12933066711574792,0.029977696631103754,0.01877074099332094,0.09496915194392204,0.01877074099332094,0.004525553081301041,0.03528437966480851,0.004525553081301041,0.014459732783026993,0.07217422415316105,0.014459732783026993,0.20793659790605307
21,0.012861634254222735,0.07575538726523519,0.012861634254222735,0.008334559830836951,0.047506725005805495,0.008334559830836951,0.022632129312492907,0.10376904360577464,0.022632129312492907,0.02681611992046237,0.11805604159086942,0.02681611992046237,0.03627587480377406,0.14709790389239788,0.03627587480377406,0.012646508544683457,0.07883526657521725,0.012646508544683457,0.032196375431434714,0.13574069813266396,0.032196375431434714,0.017837253589881585,0.09087054149806499,0.017837253589881585,0.00474452005547937,0.03955578310973942,0.00474452005547937,0.0127232151562348,0.06687435602024197,0.0127232151562348,0.18706819039583206,0.0005,0.010851702952291816,0.06915045255050063,0.010851702952291816,0.007007806226727553,0.04573806253448129,0.007007806226727553,0.021335280502215028,0.09902751192450523,0.021335280502215028,0.02436900065327063,0.11134595346450805,0.02436900065327063,0.033846423950977624,0.14143698392808438,0.033846423950977624,0.011177143815904856,0.07394956675171852,0.011177143815904856,0.03280835245596245,0.13064676384627819,0.03280835245596245,0.019963769880123435,0.0950887470766902,0.019963769880123435,0.004723273500683718,0.03852579755708575,0.004723273500683718,0.012118207706604153,0.062417844235897066,0.012118207706604153,0.17820096130669116
22,0.011783920806832611,0.07232026520557702,0.011783920806832611,0.00757672717818059,0.04530195440351963,0.00757672717818059,0.022135762536432593,0.10264337869361043,0.022135762536432593,0.026386353681329636,0.11617082716524602,0.026386353681329636,0.03430396714573726,0.14281204484403134,0.03430396714573726,0.012492365686688572,0.07813709384948016,0.012492365686688572,0.03305295796424616,0.13628031956776976,0.03305295796424616,0.01785541426530108,0.09187671867012978,0.01785541426530108,0.005036306059802882,0.03969375749863684,0.005036306059802882,0.012585128640988841,0.06628490190394223,0.012585128640988841,0.18320890365540982,0.0005,0.020087785292125772,0.07676302021369338,0.020087785292125772,0.013085129441460595,0.06163584933802486,0.013085129441460595,0.11169821974262595,0.233795234516263,0.11169821974262595,0.11652913770079612,0.23623748405277728,0.11652913770079612,0.09069653379358351,0.20223884810507298,0.09069653379358351,0.02905669111944735,0.12800619077682496,0.02905669111944735,0.05829636614024639,0.17494691878557206,0.05829636614024639,0.07097984447330237,0.20178273560106755,0.07097984447330237,0.008858373990049585,0.04879724862799049,0.008858373990049585,0.06337203012220562,0.14675800147652626,0.06337203012220562,0.582660117059946
23,0.011753344368422404,0.07221924596652389,0.011753344368422404,0.007509506223606877,0.044254108121618625,0.007509506223606877,0.02204146770085208,0.10265967047959566,0.02204146770085208,0.02630531300790608,0.11712017803266644,0.02630531300790608,0.03320513947168365,0.14012112095579504,0.03320513947168365,0.01210345009388402,0.07695278304815292,0.01210345009388402,0.03255609321920201,0.13578536861017346,0.03255609321920201,0.017671326730400325,0.09114585634693503,0.017671326730400325,0.004634264666761737,0.03904301263764501,0.004634264666761737,0.012492259449325503,0.06643190038576723,0.012492259449325503,0.18027216529101134,0.0005,0.01935816327529028,0.08916548120230436,0.01935816327529028,0.009188891169731506,0.043175277456641195,0.009188891169731506,0.05050664288923144,0.16337180840969084,0.05050664288923144,0.05855083751119673,0.17127136570215226,0.05855083751119673,0.05095044630393386,0.17380013917386533,0.05095044630393386,0.02062121243868023,0.09680713107436896,0.02062121243868023,0.07103696148563177,0.18039178318530322,0.07103696148563177,0.03584696207754314,0.13945595628023147,0.03584696207754314,0.008189519234467297,0.05611948856711388,0.008189519234467297,0.029994879984296858,0.11475258149206638,0.029994879984296858,0.35424451583623884
24,0.011469711208483203,0.07114932919666171,0.011469711208483203,0.007471414217492566,0.043785489140078425,0.007471414217492566,0.02146106443484314,0.10069618507102132,0.02146106443484314,0.025065395567333327,0.11398342467099429,0.025065395567333327,0.033207284677773716,0.14022391209751367,0.033207284677773716,0.012114561113063246,0.07694426656141877,0.012114561113063246,0.032349156796117315,0.13586761006340384,0.032349156796117315,0.016320023238891736,0.08661298086866737,0.016320023238891736,0.004778445409494452,0.03943278303556144,0.004778445409494452,0.01219435562635772,0.06538120837882161,0.01219435562635772,0.176431411921978,0.0005,0.019032344893552364,0.09845200795680284,0.019032344893552364,0.013310110189486295,0.07097752964496612,0.013310110189486295,0.08349464023672044,0.1838685393035412,0.08349464023672044,0.054205867114476856,0.1653186276704073,0.054205867114476856,0.05024421188235283,0.1710121086090803,0.05024421188235283,0.018913159010931848,0.09402265468239784,0.018913159010931848,0.07634561929106712,0.19800618103146553,0.07634561929106712,0.05056334968097508,0.16089278950542213,0.05056334968097508,0.005962800950277597,0.04031824973598123,0.005962800950277597,0.04600466805044562,0.11791827633231879,0.04600466805044562,0.4180767684876919
25,0.011551125067984684,0.07191467176191509,0.011551125067984684,0.007434571541263722,0.04471738734841347,0.007434571541263722,0.021115644481498747,0.0998368614576757,0.021115644481498747,0.02460498269787058,0.11201575034484267,0.02460498269787058,0.03397983984276652,0.14219764422625303,0.03397983984276652,0.01210772096621804,0.07693951232358813,0.01210772096621804,0.03322873986302875,0.13713445772603156,0.03322873986302875,0.016618117705453187,0.08797083453461528,0.016618117705453187,0.004784982168348506,0.03953063412569463,0.004784982168348506,0.011864675939781591,0.06409685133583844,0.011864675939781591,0.1772903998605907,0.0005,0.012554815539158881,0.06913337206095457,0.012554815539158881,0.007941666185972281,0.0464870605096221,0.007941666185972281,0.029081871290225537,0.11834724994003773,0.029081871290225537,0.039694163046777246,0.13956715594232083,0.039694163046777246,0.0512547008972615,0.1667430738657713,0.0512547008972615,0.01609802756132558,0.08307976271212102,0.01609802756132558,0.033385211625136434,0.13644307500869035,0.033385211625136434,0.01999735141452402,0.09927935034036636,0.01999735141452402,0.005251538111944683,0.0415676082149148,0.005251538111944683,0.015920336453244092,0.07427993746101856,0.015920336453244092,0.23117968317866325
26,0.011231799996108748,0.07040148093551397,0.011231799996108748,0.0073752789108548315,0.044436708755791185,0.0073752789108548315,0.02024128215503879,0.09779523620009423,0.02024128215503879,0.02440730173839256,0.11127927551046014,0.02440730173839256,0.03237018292536959,0.13833262586966158,0.03237018292536959,0.011831304649356753,0.07596654833108187,0.011831304649356753,0.030763940990436823,0.1303735657259822,0.030763940990436823,0.015982125709298998,0.08674505764618516,0.015982125709298998,0.0046911307790433055,0.03885568249411881,0.0046911307790433055,0.011602162704570219,0.06405468286201357,0.011602162704570219,0.17049651040136815,0.0005,0.012128888174891472,0.08294905616343021,0.012128888174891472,0.00856441249884665,0.05464262815564871,0.00856441249884665,0.03637419728003442,0.12423576835542917,0.03637419728003442,0.032542512415908276,0.12205175508558751,0.032542512415908276,0.04137843704968691,0.16014659364521502,0.04137843704968691,0.013901266212575137,0.08275403827428818,0.013901266212575137,0.04819753798469901,0.1711561430990696,0.04819753798469901,0.0203892234666273,0.09009263700246811,0.0203892234666273,0.005445732168620453,0.04333039140328765,0.005445732168620453,0.019441134366672486,0.07554266840964556,0.019441134366672486,0.23836334162950515
27,0.010888944103615359,0.06818252388760447,0.010888944103615359,0.007109567218227312,0.04185705218464136,0.007109567218227312,0.019419920751126484,0.09595483995601535,0.019419920751126484,0.02211282979603857,0.10498800842836499,0.02211282979603857,0.03145582663407549,0.13636738417297603,0.03145582663407549,0.011259139231871813,0.07370058382675052,0.011259139231871813,0.030095269469544293,0.13028469106927515,0.030095269469544293,0.014796278373338282,0.08280038273334503,0.014796278373338282,0.0045893720696331,0.03765185960195959,0.0045893720696331,0.010962355530587956,0.061256656389683486,0.010962355530587956,0.16268950333446264,0.00025,0.009781491074245424,0.06451664143428207,0.009781491074245424,0.006257070460473187,0.03869157180376351,0.006257070460473187,0.016357608849182723,0.08867189622670411,0.016357608849182723,0.018040995889343322,0.08925363142043352,0.018040995889343322,0.027139764530584216,0.12452929147332907,0.027139764530584216,0.009213405047776178,0.06641996315121651,0.009213405047776178,0.02717520473524928,0.11613752353936434,0.02717520473524928,0.012572402252350002,0.0735929926596582,0.012572402252350002,0.0039047401662101037,0.03327985840477049,0.0039047401662101037,0.009136943858698942,0.05510783245414495,0.009136943858698942,0.13957962691038847
28,0.01066608213703148,0.06799099281802773,0.01066608213703148,0.006848407623008825,0.04202937944978476,0.006848407623008825,0.018665934498189016,0.09381657400354743,0.018665934498189016,0.02145890124212019,0.10424623839184642,0.02145890124212019,0.030103713099379092,0.13316534899175167,0.030103713099379092,0.011182972207432612,0.07337429974228143,0.011182972207432612,0.028750381532125176,0.12655607008375228,0.028750381532125176,0.014448861694778315,0.0812569744847715,0.014448861694778315,0.004250249687465839,0.03654474268481135,0.004250249687465839,0.010575860237702727,0.0602274082545191,0.010575860237702727,0.15695136394351722,0.00025,0.011366041481960566,0.0703551979996264,0.011366041481960566,0.007488009755383246,0.044636739291250706,0.007488009755383246,0.03712534146290272,0.12155348548293114,0.03712534146290272,0.029568928653374314,0.11861999019235372,0.029568928653374314,0.035100714998319744,0.14318742568045856,0.035100714998319744,0.012298149250913411,0.07655712847411633,0.012298149250913411,0.03186481834808365,0.12765145579725504,0.03186481834808365,0.022825105438008905,0.09099830581247806,0.022825105438008905,0.004393533212714828,0.03680844398215413,0.004393533212714828,0.01839532414218411,0.07277805883809924,0.01839532414218411,0.21042596746236086
29,0.010869972934830002,0.06883625895157457,0.010869972934830002,0.006986989807919599,0.04226500722020864,0.006986989807919599,0.018291069250088186,0.09300592057406902,0.018291069250088186,0.021153631016612055,0.10355556808412075,0.021153631016612055,0.03063297787681222,0.13451559383422138,0.03063297787681222,0.011204213431105017,0.0736629191711545,0.011204213431105017,0.02823979954328388,0.12656106163933872,0.02823979954328388,0.013806510661495849,0.0800214138403535,0.013806510661495849,0.0044512020507827404,0.03747350998781621,0.0044512020507827404,0.010395085043506697,0.05978939659707248,0.010395085043506697,0.15603145241737365,0.00025,0.009743646851391532,0.06674927754700184,0.009743646851391532,0.006471803540131077,0.0401180420294404,0.006471803540131077,0.017536029094364494,0.09171610091626645,0.017536029094364494,0.018436844625510276,0.09169926226511597,0.018436844625510276,0.02871477295551449,0.12832163068652153,0.02871477295551449,0.010229637295240537,0.07043173096328974,0.010229637295240537,0.026702123046386986,0.115226339481771,0.026702123046386986,0.014610227143391967,0.07750537420809268,0.014610227143391967,0.0038478912578430026,0.03217759325355291,0.0038478912578430026,0.009812735688872636,0.05638210270553827,0.009812735688872636,0.14610571160167457
30,0.010518746448215098,0.06789203158393502,0.010518746448215098,0.0067494642967940305,0.04185204526782036,0.0067494642967940305,0.01900689010624774,0.09466762476414442,0.01900689010624774,0.020916379156522454,0.10272209980711342,0.020916379156522454,0.02984607484168373,0.1331478742621839,0.02984607484168373,0.011026084386976436,0.0735076105557382,0.011026084386976436,0.02854073004121892,0.1267581717222929,0.02854073004121892,0.013929121570894494,0.08031202216818929,0.013929121570894494,0.004238589186454192,0.03686632294021547,0.004238589186454192,0.010636504835216328,0.060421043379232285,0.010636504835216328,0.1554085847698152,0.00025,0.010793591499328613,0.07158890381455421,0.010793591499328613,0.006812380798859522,0.044500782180577514,0.006812380798859522,0.018246785515453667,0.09142554684728384,0.018246785515453667,0.02074881675862707,0.09660833325237035,0.02074881675862707,0.031396805601194504,0.13554171407222748,0.031396805601194504,0.010001148314448073,0.07001016546785832,0.010001148314448073,0.029539257331751285,0.1332348401993513,0.029539257331751285,0.01257946313591674,0.07052967026084661,0.01257946313591674,0.003989376603043638,0.03747292383387685,0.003989376603043638,0.010756715142866597,0.05734593502059579,0.010756715142866597,0.15486434119194745
31,0.010708022035541944,0.0680821742080152,0.010708022035541944,0.0070663303856272255,0.042504893027246,0.0070663303856272255,0.017705192099092527,0.09109755727276206,0.017705192099092527,0.020777004034025593,0.10204834062606097,0.020777004034025593,0.02946809699619189,0.13191422698274255,0.02946809699619189,0.01077943061478436,0.07244743362814188,0.01077943061478436,0.027063269284320995,0.12376742386445404,0.027063269284320995,0.013417632301803678,0.07914608297869563,0.013417632301803678,0.004127479573711753,0.036382507529109716,0.004127479573711753,0.010085369153530336,0.05895800911076367,0.010085369153530336,0.15119782672077417,0.00025,0.009549017929472029,0.06259811246022583,0.009549017929472029,0.006340640224399977,0.03939983806945384,0.006340640224399977,0.019726199707016348,0.09223705005645752,0.019726199707016348,0.01917308713076636,0.09209020580351353,0.01917308713076636,0.028621165704913437,0.1241601113602519,0.028621165704913437,0.01027529476955533,0.07044888899475336,0.01027529476955533,0.035812083190772684,0.1387733996436,0.035812083190772684,0.01344424191256985,0.07719000790268182,0.01344424191256985,0.0048370360403787345,0.038567351240664724,0.0048370360403787345,0.010954629906453192,0.056456648461520674,0.010954629906453192,0.15873339641839265
32,0.010316354627837428,0.06731249913014471,0.010316354627837428,0.006666301341552753,0.041075659099966286,0.006666301341552753,0.018006816391367465,0.09167165454104542,0.018006816391367465,0.02033869004249573,0.10109907326847314,0.02033869004249573,0.0294386748643592,0.1321405118405819,0.0294386748643592,0.010819751595612615,0.07264382375776768,0.010819751595612615,0.02806321788090281,0.1252243386209011,0.02806321788090281,0.01356537133315578,0.07919474151358008,0.01356537133315578,0.004412150338815991,0.03718510328419507,0.004412150338815991,0.010225918668322264,0.05883928557299078,0.010225918668322264,0.15185324695706368,0.00025,0.010216029477422126,0.06321273995935917,0.010216029477422126,0.006788019779254683,0.04368956654891372,0.006788019779254683,0.02164884166838601,0.09688503351807594,0.02164884166838601,0.0250869731400162,0.10850674053281546,0.0250869731400162,0.03270051961299032,0.13516581527143717,0.03270051961299032,0.01139965370669961,0.07192733696103096,0.01139965370669961,0.0372023935620673,0.13544970863312483,0.0372023935620673,0.015008456841111182,0.07856651324033737,0.015008456841111182,0.004887331880861893,0.04038066059350967,0.004887331880861893,0.012080752301029861,0.06299273062124848,0.012080752301029861,0.17701897168904543
33,0.009925376612576656,0.06512725626304745,0.009925376612576656,0.00659441962314304,0.040076287848874924,0.00659441962314304,0.0173925807652995,0.08991172774136066,0.0173925807652995,0.01919125979114324,0.0975287558361888,0.01919125979114324,0.02869842431601137,0.12950381993874907,0.02869842431601137,0.010475102266296745,0.07081633765995503,0.010475102266296745,0.026450287100393325,0.12246261512860655,0.026450287100393325,0.01303956860397011,0.07747458861395716,0.01303956860397011,0.004077705871255602,0.03591374917328358,0.004077705871255602,0.009746640812139959,0.05705000972375274,0.009746640812139959,0.14559136516973376,0.000125,0.009766468366375193,0.06347135273367166,0.009766468366375193,0.006728415468591265,0.04082920186966658,0.006728415468591265,0.022108923887601124,0.09366619362309575,0.022108923887601124,0.02101738243410364,0.09586378490179777,0.02101738243410364,0.028870723727159202,0.1251267028748989,0.028870723727159202,0.010939469638280571,0.06931638289242983,0.010939469638280571,0.02980546795250848,0.12126025292277336,0.02980546795250848,0.01942362800333649,0.08372768738493323,0.01942362800333649,0.004499926691874862,0.03688835214823485,0.004499926691874862,0.012943266668124124,0.06101438583806157,0.012943266668124124,0.1661036727949977
34,0.00974587281467393,0.06465883999504149,0.00974587281467393,0.006428297342266887,0.03979187627136707,0.006428297342266887,0.017212438234942964,0.08987469536811113,0.017212438234942964,0.01879347687936388,0.09649678575247526,0.01879347687936388,0.028889191159978508,0.13042718936875464,0.028889191159978508,0.010513535651843995,0.07141512310877442,0.010513535651843995,0.026038516553584485,0.12135676393657922,0.026038516553584485,0.012825042523443698,0.07690461121499538,0.012825042523443698,0.004021640334627591,0.03570052029564977,0.004021640334627591,0.009650252797524446,0.05694178700447083,0.009650252797524446,0.1441182645559311,0.000125,0.008550734831136652,0.058065788354724646,0.008550734831136652,0.0057902795949485155,0.03697615642473102,0.0057902795949485155,0.01701740953559056,0.0898841313123703,0.01701740953559056,0.01825574335595593,0.09149036587029695,0.01825574335595593,0.028415899151004852,0.12665632144361735,0.028415899151004852,0.008975871375761927,0.06449115189164877,0.008975871375761927,0.024763914328068494,0.1120686715990305,0.024763914328068494,0.010113956078654155,0.06565218192338944,0.010113956078654155,0.00372087594284676,0.03220192788913846,0.00372087594284676,0.00958048785268329,0.0556196026802063,0.00958048785268329,0.13518517178297043
35,0.01031919251929503,0.06580026183649898,0.01031919251929503,0.006644450056948699,0.04039723604172468,0.006644450056948699,0.017049981833202766,0.08892137338221073,0.017049981833202766,0.018702737502986566,0.09596630750223994,0.018702737502986566,0.028976240991149097,0.12977058232203126,0.028976240991149097,0.010439383436460049,0.07078288755565881,0.010439383436460049,0.027278599204961212,0.12404626194015145,0.027278599204961212,0.012694315139437095,0.07634686060249805,0.012694315139437095,0.00421903957327595,0.0363063189946115,0.00421903957327595,0.009683813338517212,0.05678804283216596,0.009683813338517212,0.14600775415822864,0.000125,0.00990125502506271,0.06670214435458183,0.00990125502506271,0.006274102106923238,0.03949265422858298,0.006274102106923238,0.020175491540227086,0.09125387493893504,0.020175491540227086,0.01899400388915092,0.09221143547445536,0.01899400388915092,0.028426775676663966,0.12871465601027013,0.028426775676663966,0.010992693781852723,0.0716115347892046,0.010992693781852723,0.025890527341049165,0.11598142906278372,0.025890527341049165,0.015620808745268732,0.07523338916525245,0.015620808745268732,0.0039331702751806,0.034214730273932216,0.0039331702751806,0.010820410621119663,0.054247636426240205,0.010820410621119663,0.15102923946082591
36,0.009756306779687293,0.06435428042337299,0.009756306779687293,0.006272254409268498,0.039657102400436996,0.006272254409268498,0.017109080204740168,0.08951424723118544,0.017109080204740168,0.01867528234468773,0.09646176063269377,0.01867528234468773,0.028040221385657788,0.1285488616898656,0.028040221385657788,0.010130698894150554,0.06992338825017214,0.010130698894150554,0.02542771235073451,0.12068811783567071,0.02542771235073451,0.012565440522972494,0.07608432566933333,0.012565440522972494,0.0038852684230660088,0.03529889864847064,0.0038852684230660088,0.009633228574646636,0.05718609780818224,0.009633228574646636,0.14149549397826194,0.000125,0.008820853935088963,0.05843516117334366,0.008820853935088963,0.0062065683045657355,0.03707170766033232,0.0062065683045657355,0.018569432872813194,0.0926607359200716,0.018569432872813194,0.019985101247671992,0.09308258854597808,0.019985101247671992,0.027445751397404818,0.12344010050594807,0.027445751397404818,0.010304587619844824,0.06867329915612937,0.010304587619844824,0.02489970514178276,0.11167258246243,0.02489970514178276,0.016645005110185594,0.0793620041385293,0.016645005110185594,0.0035963351383106784,0.03339326415583491,0.0035963351383106784,0.010745421010884456,0.05666630820557475,0.010745421010884456,0.14721876218169927
37,0.009913160423515364,0.06530764082446694,0.009913160423515364,0.006372867619269527,0.0400910372659564,0.006372867619269527,0.01608475161984097,0.08703839312493801,0.01608475161984097,0.01781130992656108,0.09461621564812958,0.01781130992656108,0.0281929766391404,0.12901151075214148,0.0281929766391404,0.010226266008336097,0.07037826226651668,0.010226266008336097,0.025808901043608785,0.12161601530387997,0.025808901043608785,0.012026690555969253,0.0748070145584643,0.012026690555969253,0.004071562624129001,0.03597583438083529,0.004071562624129001,0.009151890383451246,0.05577327877283096,0.009151890383451246,0.139660376701504,0.000125,0.008830812066793441,0.06176969923079014,0.008830812066793441,0.005964744135853834,0.04115782643854618,0.005964744135853834,0.016879847361240537,0.08728987621515989,0.016879847361240537,0.01739662984921597,0.08897269970178603,0.01739662984921597,0.02677560275606811,0.12477603368461132,0.02677560275606811,0.009122136204037816,0.0662034809961915,0.009122136204037816,0.023545885340077802,0.11014532244205474,0.023545885340077802,0.01357725898991339,0.06915737455710769,0.01357725898991339,0.0036267666331259536,0.03285491881892085,0.0036267666331259536,0.009707185301929712,0.05322024843096733,0.009707185301929712,0.1354268682897091
38,0.009932697613490745,0.06541798866912722,0.009932697613490745,0.006654779948061332,0.04089786949008703,0.006654779948061332,0.016601330584846436,0.08804220096766949,0.016601330584846436,0.018169502139789982,0.09424387426674366,0.018169502139789982,0.02776233085617423,0.12773535311967135,0.02776233085617423,0.01029944080673158,0.07033511272072793,0.01029944080673158,0.02592692771088332,0.12078577070869505,0.02592692771088332,0.012346682162955404,0.07564445562288165,0.012346682162955404,0.0041537833352922465,0.03613697689585388,0.0041537833352922465,0.009418356709182263,0.05581476946733892,0.009418356709182263,0.1412658319324255,0.000125,0.00997069292399101,0.06835811775922775,0.00997069292399101,0.006257776696933433,0.041664108876138924,0.006257776696933433,0.016003162249107847,0.08424934761226177,0.016003162249107847,0.017052526320097967,0.08958161029219627,0.017052526320097967,0.02870840313471854,0.12968740351498126,0.02870840313471854,0.009291777123697102,0.0672541591823101,0.009291777123697102,0.024169590544188393,0.11078521057963371,0.024169590544188393,0.0127180356195895,0.06871518802642822,0.0127180356195895,0.0038869994735578075,0.03359888651967049,0.0038869994735578075,0.00948445178125985,0.052632101476192475,0.00948445178125985,0.13754341605305673
39,0.009575785682769492,0.06398180293478072,0.009575785682769492,0.006131324544781819,0.03930973305553198,0.006131324544781819,0.01703764410293661,0.08918539053201675,0.01703764410293661,0.018227782015921547,0.09484790029004216,0.018227782015921547,0.02713044266635552,0.12628690184280275,0.02713044266635552,0.010137538525741547,0.06996071353182197,0.010137538525741547,0.024074212565552443,0.11688937757536769,0.024074212565552443,0.012459949459182098,0.07559219026565552,0.012459949459182098,0.0038079006815096364,0.03487069899775088,0.0038079006815096364,0.009472595246974379,0.056313882816582915,0.009472595246974379,0.13805517554655672,0.000125,0.009579976001288742,0.06248406571149826,0.009579976001288742,0.0060848638971801846,0.038621178699657324,0.0060848638971801846,0.016313635911326854,0.08342570050805807,0.016313635911326854,0.016148481101263313,0.08355383355170488,0.016148481101263313,0.026753950889222323,0.12260812149941921,0.026753950889222323,0.009338111772667617,0.06669992808997631,0.009338111772667617,0.02266555851348676,0.10913543667644263,0.02266555851348676,0.012185840446036308,0.06716874823346734,0.012185840446036308,0.003577538583078422,0.03318013284727931,0.003577538583078422,0.009315447977511212,0.05112139292806387,0.009315447977511212,0.1319634051322937
